brand,title,price,manufacturer,country_of_origin,imported_by,weight,generic_name,unit_of_measurement,marketed_by,article_code,description,collection_name,collection_url,url,photos_path,product_dimensions
Puma,RS-X EFEKT 'MID GREY/BLACK',"₹ 11,999.00",Puma,China,Puma India Pvt. Ltd.,0.95kg,shoe,1 Pair,Superkicks India Pvt. Ltd.,39075506,"The RS-X is back. The retro-futuristic silhouette of this sneaker returns with an improved aesthetic and chunky details, complete with nubuck and suede overlays. This combination creates a stunning look that shows off your stunning style.",men-sneakers,https://www.superkicks.in/collections/men-sneakers,https://www.superkicks.in/products/rs-x-efekt-mid-grey-black,data/superkicks/men-sneakers/photos/Puma/RS-X EFEKT 'MID GREY/BLACK',
Nike,AIR FORCE 1 '07 LV8 'LIGHT SILVER/BLACK-LIGHT SILVER-WHITE',"₹ 10,795.00",Nike,Vietnam,Nike India Pvt. Ltd.,0.95kg,Shoe,1 pair,Superkicks India Pvt. Ltd.,DZ2522-001,"Torn between 2 looks? Not anymore—this AF1 gets a 2-toned treatment from tongue to sole. Split-color Swooshes and soles add just the right touch of interest, and mismatched branding on the tongue and backtab complete the look. And don't worry, it still delivers cushioned comfort and the classic AF1 look with era-echoing '80s construction, bold details and nothin'-but-net style. Step up in this elevated silhouette (literally and figuratively).From tough stitching to pristine materials to the cupsole design, it delivers durable style that’s smoother than backboard glass.Originally designed for performance hoops, Nike Air cushioning delivers lasting comfort.Rubber outsole with hoops pivot circles adds durable traction and heritage style.Low-cut, padded collar looks sleek and feels great.",men-sneakers,https://www.superkicks.in/collections/men-sneakers,https://www.superkicks.in/products/air-force-1-07-lv8-light-silver-black-light-silver-white,data/superkicks/men-sneakers/photos/Nike/AIR FORCE 1 '07 LV8 'LIGHT SILVER/BLACK-LIGHT SILVER-WHITE',
Nike,P-6000 PREMIUM 'PHOTON DUST/KHAKI-LIGHT BONE-PALE IVORY',"₹ 10,795.00",Nike India Pvt. Ltd.,China,Nike India Pvt. Ltd.,0.95 KG,SHOE,1 Pair,Superkicks India Pvt. Ltd.,FQ8243-025,"A mash-up of Pegasus sneakers past, the P-6000 takes early 2000s running to modern heights. Featuring mixed materials and sporty lines, it's the perfect blend of head-turning comfort. Plus, the foam midsole adds a lifted, track-inspired stance and unbelievable cushioning. This iteration has a Hangul Nike monogram on the heel—an ode to the creator of the Korean alphabet.Leather, mesh and synthetic overlays add durability and breathability.Throwback design draws on the Pegasus 25 and Pegasus 2006.Cushioned insole delivers a comfortable underfoot feel.Rubber outsole gives you traction that lasts.",men-sneakers,https://www.superkicks.in/collections/men-sneakers,https://www.superkicks.in/products/p-6000-premium-photon-dust-khaki-light-bone-pale-ivory,data/superkicks/men-sneakers/photos/Nike/P-6000 PREMIUM 'PHOTON DUST/KHAKI-LIGHT BONE-PALE IVORY',
Converse,CHUCK TAYLOR ALL STAR 'HUNTER GREEN',"₹ 4,299.00",Converse,Vietnam,CAMP INDIA PVT LTD,0.95kg,Shoe,1 pair,Superkicks India Pvt. Ltd.,A04544C,"Just in time for cooler weather, your favorite Chucks get a fresh look for the season. Fall-ready canvas in trending colors help you add standout style to your rotation. On those shorter days, why not add some color to your look?  High top with canvas upper. OrthoLite cushioning for all-day comfort. On-trend color palette. Durable polyester laces. Fused All Star patch.",men-sneakers,https://www.superkicks.in/collections/men-sneakers,https://www.superkicks.in/products/chuck-taylor-all-star-hunter-green,data/superkicks/men-sneakers/photos/Converse/CHUCK TAYLOR ALL STAR 'HUNTER GREEN',
Nike,KEVIN DURANT KD16 EP 'DEEP ROYAL/VIVID PURPLE-METALLIC SILVER',"₹ 13,995.00",Nike,China,Nike India Pvt. Ltd.,0.95 KG,SHOE,1 Pair,Superkicks India Pvt. Ltd.,DV2916-401,"Kevin Durant is a true hooper. He'd be just as happy running pickup all afternoon as he would be dropping 40-pieces in the playoffs. When your avid appetite for the game can’t be satisfied, lace up in the KD16’s. Nike Air and Zoom Air work together to provide speed and stability for all four quarters, while the upper is lower and the overall load is lighter compared to the previous iteration. It's ideal for the hoopaholic who can’t say no to just one more game. This regal design pays homage to KD’s prominence as a player, a revered, king-making bucket-getter who just keeps getting better with each passing season. With its extra-durable rubber outsole, this version gives you traction for outdoor courts.Emotional PathwayFrom injuries and insults to championships and reclamation of his rightful place in the basketball world, KD’s grown both as a player and person. The cloudy, purple haze represents the endured downs throughout his career that eventually helped make him stronger. The day-breaking blues signify his emotional range and clarity of mind that have brought him through it all.Cushion and ComfortA lightweight Nike Air unit at the bottom of the upper gives KD the cushioning and comfort he needs to thrive during a long season.High-Speed HavenKD loved the 15’s underfoot experience, so we took inspiration from the previous iteration and added a bottom-loaded forefoot Zoom Air unit for extra pop and snappiness when the game hits high speeds. Responsive full-length foam adds a soft, comfortable sensation.Groove and MoveGrooves and ridges in the sole help provide multidirectional traction and court feel. A stiff piece under the arch helps keep the shoe stable and help you smoothly transition from heel to toe.Broken-In FeelMultilayer mesh in the upper is lightweight and dimensional with a broken-in feel. Added thickness in strategic areas helps to keep your foot in place by reducing small movements.Like ClockworkThe outsole resembles watch gears, which represent the inner workings of KD and the methodical nature of how he operates.",men-sneakers,https://www.superkicks.in/collections/men-sneakers,https://www.superkicks.in/products/kevin-durant-kd16-ep-deep-royal-vivid-purple-metallic-silver,data/superkicks/men-sneakers/photos/Nike/KEVIN DURANT KD16 EP 'DEEP ROYAL/VIVID PURPLE-METALLIC SILVER',
Nike,AIR MAX FLYKNIT RACER 'BLACK/WHITE',"₹ 14,995.00",Nike India Pvt. Ltd.,Vietnam,Nike India Pvt. Ltd.,0.95 KG,SHOE,1 Pair,Superkicks India Pvt. Ltd.,DJ6106-001,"Paying homage to both heritage and innovation, we've blended 2 icons (old and new) to go beyond what's expected in the Nike Air Max Flyknit Racer. Incredibly light and airy Flyknit pairs with oh-so-comfy Air Max cushioning. Lace up and let your feet do the talking.Retro Super PowerInspired by the 2012 FK Racer, the featherweight, form-fitting Flyknit upper is as revolutionary as it is good looking. Plus, the nearly seamless design adds a sporty edge.Best Made BetterThe modernized look of the Pre-Day tooling fits perfectly with this mashup of heritage meets innovation. With its chiseled heel and expressive window around the Air Max cushioning (originally designed for performance running) it delivers a fresh take on tried-and-true comfort.Soft synthetic suede detailing adds a classic touch.Collar sculpts the ankle for a track-inspired look.Foam midsole delivers springy cushioning.",men-sneakers,https://www.superkicks.in/collections/men-sneakers,https://www.superkicks.in/products/air-max-flyknit-racer-black-white,data/superkicks/men-sneakers/photos/Nike/AIR MAX FLYKNIT RACER 'BLACK/WHITE',
Converse,CHUCK TAYLOR ALL STAR 'BROWN/BLACK',"₹ 3,999.00",Converse,Vietnam,CAMP INDIA PVT LTD,0.95kg,Shoe,1 pair,Superkicks India Pvt. Ltd.,A04547C,"Just in time for fall weather, your favorite Chucks get a fresh look for the season. Fall-ready canvas in trending colors help you add effortless style to your rotation. These easy-to-wear, expressive Chucks are yours to style however you want.  Low top with cotton canvas upper. OrthoLite cushioning for all-day comfort. Expressive, on-trend color palette. Classic white foxing tape midsole with black pinstripes. Iconic woven tongue label.",men-sneakers,https://www.superkicks.in/collections/men-sneakers,https://www.superkicks.in/products/chuck-taylor-all-star-brown-black-1,data/superkicks/men-sneakers/photos/Converse/CHUCK TAYLOR ALL STAR 'BROWN/BLACK',
Reebok,CLASSIC NYLON PLUS 'CREAM/RED',"₹ 7,999.00",Reebok,Vietnam,Reebok India Pvt. Ltd.,0.95 KG,Shoe,1 Pair,Superkicks India Pvt. Ltd.,ID1517,"Sneakers from the Reebok collection are made of a combination of genuine leather, suede and textile material. Lightweight and comfortable, ideal for everyday wear.",men-sneakers,https://www.superkicks.in/collections/men-sneakers,https://www.superkicks.in/products/classic-nylon-plus-cream-red,data/superkicks/men-sneakers/photos/Reebok/CLASSIC NYLON PLUS 'CREAM/RED',
Nike,AIR FORCE 1 '07 WB 'FLAX/WHEAT-GUM LIGHT BROWN-BLACK',"₹ 10,995.00",Nike,Vietnam,Nike India Private Ltd.,1.10 KG,Shoe,1 Pair,Superkicks India Pvt. Ltd.,CJ9179-200,"ICONIC CUSHIONING AND DESIGN.The legend lives on in the Nike Air Force 1 '07 WB, a low-cut take on the iconic AF1 that offers classic court style and premium cushioning.A full-length Nike Air unit offers excellent impact absorption.A low-cut silhouette has a low-to-the-ground feel.Non-marking rubber in a sleek cupsole design gives traction and durability.Traditional laces offer a snug, secure fit.Perforations enhance ventilation.",men-sneakers,https://www.superkicks.in/collections/men-sneakers,https://www.superkicks.in/products/air-force-1-07-wb-flax-wheat-gum-light-brown-black,data/superkicks/men-sneakers/photos/Nike/AIR FORCE 1 '07 WB 'FLAX/WHEAT-GUM LIGHT BROWN-BLACK',
Converse,CHUCK TAYLOR ALL STAR 'BROWN/BLACK',"₹ 4,299.00",Converse,Vietnam,CAMP INDIA PVT LTD,0.95kg,Shoe,1 pair,Superkicks India Pvt. Ltd.,A04543C,"Just in time for cooler weather, your favorite Chucks get a fresh look for the season. Fall-ready canvas in trending colors help you add standout style to your rotation. On those shorter days, why not add some color to your look?  High top with canvas upper. OrthoLite cushioning for all-day comfort. On-trend color palette. Durable polyester laces. Fused All Star patch.",men-sneakers,https://www.superkicks.in/collections/men-sneakers,https://www.superkicks.in/products/chuck-taylor-all-star-brown-black,data/superkicks/men-sneakers/photos/Converse/CHUCK TAYLOR ALL STAR 'BROWN/BLACK',
Converse,CHUCK 70 CRAFTED OLLIE PATCH 'KHAKI/OFF WHITE',"₹ 6,499.00",Converse,Vietnam,CAMP INDIA PVT LTD,0.95kg,Shoe,1 pair,Superkicks India Pvt. Ltd.,A04500C,"all-ready canvas gets a bandana woven jacquard ollie patch to bring a crafted look to the premium Chuck 70. From the art studio, to wherever you feel most cozy, this look is easy to wear all-year long. WHY YOU SHOULD BE DOWN  High-top shoe with upper made from polyester canvas and bandana jacquard OrthoLite cushioning for all-day comfort Bandana woven jacquard ollie patch for crafted look Embroidered heel overlay Screenprinted canvas All Star patch with embroidered edge",men-sneakers,https://www.superkicks.in/collections/men-sneakers,https://www.superkicks.in/products/chuck-70-crafted-ollie-patch-khaki-off-white,data/superkicks/men-sneakers/photos/Converse/CHUCK 70 CRAFTED OLLIE PATCH 'KHAKI/OFF WHITE',
Nike,DUNK LOW RETRO PREMIUM 'OIL GREEN/OLIVE AURA-PHANTOM',"₹ 9,695.00",Nike India Pvt. Ltd.,Vietnam,Nike India Pvt. Ltd.,0.95 KG,shoe,1 Pair,Superkicks India Pvt. Ltd.,FB8895-300,"Created for the hardwood but taken to the streets, the '80s b-ball icon returns with classic details and throwback hoops flare. Channeling vintage style back onto the streets, its padded, low-cut collar lets you take your game anywhere—in comfort.Upper ages to soft perfection and features a durable construction reminiscent of '80s b-ball.Foam midsole offers lightweight, responsive cushioning.Rubber outsole with classic hoops pivot circle adds durability, traction, and heritage style.",men-sneakers,https://www.superkicks.in/collections/men-sneakers,https://www.superkicks.in/products/dunk-low-retro-premium-oil-green-olive-aura-phantom,data/superkicks/men-sneakers/photos/Nike/DUNK LOW RETRO PREMIUM 'OIL GREEN/OLIVE AURA-PHANTOM',
Adidas Originals,SUPERSTAR 'MAROON/WONDER WHITE/WHITE',"₹ 11,999.00",Adidas,Indonesia,adidas India Marketing Private Limited,0.95kg,Shoe,1 pair,Superkicks India Pvt. Ltd.,IF8071,"SIGNATURE SHOES WITH A NEW TAKE ON THE TREFOIL. Cultural icon. Timeless must-have. Whatever you call the adidas Superstar shoes, you know they never go out of style. This release gives the Trefoil fresh perspective with an embossed detail on the tongue outlined for a high-contrast look. The confident look keeps going with a colourblocked design that stands out and adds the perfect punch to any casual outfit (dressy ones, too). A smooth leather upper looks luxe and feels great, and the rubber outsole rounds out the silhouette.",men-sneakers,https://www.superkicks.in/collections/men-sneakers,https://www.superkicks.in/products/superstar-maroon-wonder-white-white,data/superkicks/men-sneakers/photos/Adidas Originals/SUPERSTAR 'MAROON/WONDER WHITE/WHITE',
Reebok,HURRIKAZE II 'FTWR WHITE/CORE BLACK/GLEN GREEN',"₹ 10,999.00",Reebok,Vietnam,Reebok India Pvt. Ltd.,0.95 KG,Shoe,1 Pair,Superkicks India Pvt. Ltd.,100033879,"One of the most eye-catching styles of the '90s is back, remixed with modern materials. These men's Reebok shoes have a nubuck and suede upper with eye-catching color contrast. Rock them to meet up some friends and show you've got that hoops DNA.",men-sneakers,https://www.superkicks.in/collections/men-sneakers,https://www.superkicks.in/products/hurrikaze-ii-ftwr-white-core-black-glen-green,data/superkicks/men-sneakers/photos/Reebok/HURRIKAZE II 'FTWR WHITE/CORE BLACK/GLEN GREEN',
Nike,AIR FORCE 1 '07 'LT OREWOOD BRN/SAIL-COCONUT MILK',"₹ 9,695.00",Nike,Vietnam,Nike India Pvt. Ltd.,0.95kg,Shoe,1 pair,Superkicks India Pvt. Ltd.,FQ8077-104,"An aged neutral palette updates this icon for timeless style that's easy to wear. Soft suede pairs with an exposed foam tongue for a retro look. Of course, some things never change: Nike Air units still cushion your every step.From tough stitching to pristine materials to the cupsole design, these kicks deliver durable style that's smoother than backboard glass.Originally designed for performance hoops, Nike Air cushioning delivers lasting comfort.Low-cut, padded collar looks sleek and feels great.Rubber outsole with hoops pivot circles adds heritage style and durable traction.More Details  Leather Swoosh logo Foam midsole Perforation on toe",men-sneakers,https://www.superkicks.in/collections/men-sneakers,https://www.superkicks.in/products/air-force-1-07-lt-orewood-brn-sail-coconut-milk,data/superkicks/men-sneakers/photos/Nike/AIR FORCE 1 '07 'LT OREWOOD BRN/SAIL-COCONUT MILK',
Puma,PLEXUS SAND 'IVORY/VAPOR GRAY',"₹ 11,999.00",Puma,China,Puma India Pvt. Ltd.,0.95kg,shoe,1 Pair,Superkicks India Pvt. Ltd.,39315701,"Ushering in an evolution in footwear, the Plexus challenges expectations of what a sneaker should look and feel like. It combines an athletic silhouette with a disruptive visual language, turning practical features like laces into a striking design highlight. This version takes inspiration from the desert and adds in our performance PUMAGRIP-ATR outsole, so you can tackle any trail.",men-sneakers,https://www.superkicks.in/collections/men-sneakers,https://www.superkicks.in/products/plexus-sand-ivory-vapor-gray,data/superkicks/men-sneakers/photos/Puma/PLEXUS SAND 'IVORY/VAPOR GRAY',
Converse,WMN'S CHUCK TAYLOR ALL STAR MOVE PLATFORM 'BLACK',"₹ 4,999.00",Converse,Vietnam,CAMP INDIA PVT LTD,0.95kg,Shoe,1 pair,Superkicks India Pvt. Ltd.,568497C,"HER MOVE. You already know our high-topthat canvas upper, the diamond pattern outsole, and iconic ankle patch. We streamlined this classic silhouette for her and dropped it into an ultra-lightweight EVA cupsole, giving you the Chuck Taylor All Star Move. With extra comfort and height. There she goes.  High-top, platform sneaker with canvas upper Classic star ankle patch Beveled-edge eyelets for modern look EVA cushioning makes it lightweight Die-cut SmartFOAM sockliner for extra comfort",men-sneakers,https://www.superkicks.in/collections/men-sneakers,https://www.superkicks.in/products/run-star-hike-canvas-platform-black,data/superkicks/men-sneakers/photos/Converse/WMN'S CHUCK TAYLOR ALL STAR MOVE PLATFORM 'BLACK',
Jordan,AIR JORDAN 11 RETRO LOW IE 'BLACK/BLACK-WHITE',"₹ 16,995.00",Nike,Vietnam,Nike India Private Ltd.,1.10 KG,Shoe,1 Pair,Superkicks India Pvt. Ltd.,919712-001,LEGENDARY LOOK.The Air Jordan 11 Retro Low IE Shoe offers a fresh take on one of the most beloved Jordan designs ever. It's built with lightweight and breathable materials. Full-length Air cushioning combines with premium details for the ultimate fusion of style and comfort.Real and synthetic leather and textile material in the upper for durability.Full-length Air-Sole unit provides soft cushioning.Lightweight composite midsole component provides stability.Rubber outsole features a modified herringbone traction pattern.,men-sneakers,https://www.superkicks.in/collections/men-sneakers,https://www.superkicks.in/products/air-jordan-11-retro-low-ie-black-black-white,data/superkicks/men-sneakers/photos/Jordan/AIR JORDAN 11 RETRO LOW IE 'BLACK/BLACK-WHITE',
Adidas Originals,NITEBALL 'OFF WHITE/CLOUD WHITE',"₹ 12,999.00",Adidas,China,adidas India Marketing Private Limited,0.95kg,Shoe,1 pair,Superkicks India Pvt. Ltd.,IF2604,"EXCITING ADIDAS SNEAKERS WITH SHINY ELEMENTS. Embodying the energy and spirit of basketball, these adidas sneakers provide an energy boost that will be felt from head to toe. Vintage collegiate inspiration shows in the aged colour treatment while the metallic accents are straight up state-of-the-art. Ultralight responsive Lightstrike cushions every step. Wave-like 3D moulding washes style over your feet.",men-sneakers,https://www.superkicks.in/collections/men-sneakers,https://www.superkicks.in/products/niteball-off-white-cloud-white,data/superkicks/men-sneakers/photos/Adidas Originals/NITEBALL 'OFF WHITE/CLOUD WHITE',
Converse,WMN'S CHUCK TAYLOR ALL STAR MOVE PLATFORM 'WHITE',"₹ 4,999.00",Converse,Vietnam,CAMP INDIA PVT LTD,0.95kg,Shoe,1 pair,Superkicks India Pvt. Ltd.,568498C,"HER MOVE. You already know our high-topthat canvas upper, the diamond pattern outsole, and iconic ankle patch. We streamlined this classic silhouette for her and dropped it into an ultra-lightweight EVA cupsole, giving you the Chuck Taylor All Star Move. With extra comfort and height. There she goes.  High-top, platform sneaker with canvas upper Classic star ankle patch Beveled-edge eyelets for modern look EVA cushioning makes it lightweight Die-cut SmartFOAM sockliner for extra comfort",men-sneakers,https://www.superkicks.in/collections/men-sneakers,https://www.superkicks.in/products/wmns-chuck-taylor-all-star-move-platform-white,data/superkicks/men-sneakers/photos/Converse/WMN'S CHUCK TAYLOR ALL STAR MOVE PLATFORM 'WHITE',
Converse,CONS AS-1 PRO 'OPTICAL WHITE',"₹ 6,499.00",Converse,Vietnam,CAMP INDIA PVT LTD,0.95kg,Shoe,1 pair,Superkicks India Pvt. Ltd.,A04597C,"Experience CONS most innovative skate model to date, in a fresh colorway. Brought to you by one the world's top skateboarders, Alexis Sablone, the AS-1 Pro turns to retro skateboarding styles for a cupsole performance shoe unlike any other. Rubber pods jut through the upper for visible durability. For optimum boardfeel, an innovative coring system puts you closer to the board, and distributes impact cushioning beyond the sockliner. Finished with a herringbone outsole for maximum traction, giving you the best grip—straight out the box.  Low-top skateboarding shoe with a full leather upper for optimal durability. CX foam sockliner for impact cushioning. Engineered coring for increased cushioning. Durable cotton laces. Bold, color-pop Star Chevron.",men-sneakers,https://www.superkicks.in/collections/men-sneakers,https://www.superkicks.in/products/cons-as-1-pro-optical-white,data/superkicks/men-sneakers/photos/Converse/CONS AS-1 PRO 'OPTICAL WHITE',
Converse,CHUCK 70 AT-CX FUTURE COMFORT 'OFF WHITE',"₹ 7,999.00",Converse,Vietnam,CAMP INDIA PVT LTD,0.95kg,Shoe,1 pair,Superkicks India Pvt. Ltd.,A01682C,"Transforming the best ever into a style icon of the future, the Chuck 70 AT-CX delivers elevation like never before. A 50% recycled cotton canvas upper and tongue get a lift from a chunky CX foam midsole and sockliner for recycled, exaggerated comfort. Classic Chuck 70 details like a star ankle patch, aluminum eyelets, and cotton laces keep up the heritage look, while a diamond lugged outsole delivers additional traction.  High-top sneaker with 50% recycled cotton canvas upper TPU Bosey toe for added durability CX foam midsole and sockliner for added comfort Chuck 70 details like star ankle patch and cotton laces Diamond lugged outsole for additional traction",men-sneakers,https://www.superkicks.in/collections/men-sneakers,https://www.superkicks.in/products/chuck-70-at-cx-future-comfort-off-white,data/superkicks/men-sneakers/photos/Converse/CHUCK 70 AT-CX FUTURE COMFORT 'OFF WHITE',
Nike,AIR FORCE 1 '07 'TRIPLE WHITE',"₹ 7,495.00",LOTUS FOOTWEAR ENTERPRISES LIMITED,India,Nike India Private Limited,0.95 KG,SHOE,1 Pair,SUPER KICKS INDIA PVT. LTD,CW2288-111,"The radiance lives on in the Nike Air Force 1 ’07, the b-ball OG that puts a fresh spin on what you know best: durably stitched overlays, clean finishes and the perfect amount of flash to make you shine.",men-sneakers,https://www.superkicks.in/collections/men-sneakers,https://www.superkicks.in/products/air-force-1-07-triple-white-1,data/superkicks/men-sneakers/photos/Nike/AIR FORCE 1 '07 'TRIPLE WHITE',
Reebok,CLASSIC LEARHER HEXALITE +'HOOPS BLUE/CHALK/ALABASTER',"₹ 9,599.00",Reebok,Vietnam,Reebok India Pvt. Ltd.,0.95 KG,Shoe,1 Pair,Superkicks India Pvt. Ltd.,IG0718,"Inspired by Reebok court shoes from the late '80s, these kicks have a retro look and a luxe feel thanks to delicate details on the upper. A net-shaped piece on the sidewall nods to tennis while giving it a look you can rock anywhere.",men-sneakers,https://www.superkicks.in/collections/men-sneakers,https://www.superkicks.in/products/classic-learher-hexalite-hoops-blue-chalk-alabaster,data/superkicks/men-sneakers/photos/Reebok/CLASSIC LEARHER HEXALITE +'HOOPS BLUE/CHALK/ALABASTER',
Toms,RESIDENT INDIGO RIPSTOP 'INDIGO',"₹ 8,499.00",TOMS Shoes,China,V Retail Pvt. Ltd.,0.95 KG,SHOE,1 Pair,Superkicks India Pvt. Ltd.,10020278,"Inspired by our bestselling Alpargata, the Alp Resident 2.0 brings comfort and durability together in one shoe. Now designed with an increased midsole height for extra flexibility and comfort, so you'll be ready for whatever the day brings.  Ripstop uppers. Total outsole height at heel is 1 1/4"". OrthoLite® Eco LT Hybrid™ insoles made with 26% eco content (15% waste foam, 5% recycled content & 6% bio-oils). New midsole height for extra comfort. EVA midsole with rubber sole. Vegan Elastic knit collar. Nubuck PU heel pull. TOMS is a proud member of the Fair Labor Association—working with suppliers that conduct their businesses ethically, engage with workers, ensure safe working conditions, and establish human rights compliance and social responsibility. When you buy TOMS, you help fund access to mental health resources for the millions of people who need them. Wear TOMS. WEAR GOOD.",men-sneakers,https://www.superkicks.in/collections/men-sneakers,https://www.superkicks.in/products/resident-indigo-ripstop-indigo,data/superkicks/men-sneakers/photos/Toms/RESIDENT INDIGO RIPSTOP 'INDIGO',
Converse,CHUCK 70 AT-CX HIGH 'BLACK',"₹ 9,499.00",Converse,Vietnam,CAMP INDIA PVT LTD,0.95kg,Shoe,1 pair,Superkicks India Pvt. Ltd.,A07987C,High-top platforms with canvas upper A CX foam midsole and sockliner keep it lightweight and comfortable Distorted rubber pinstripe bumpers for style and easy-off functionality Exaggerated collar and canvas winged tongue for ease of entry Premium laces and a faux leather patch elevate the design,men-sneakers,https://www.superkicks.in/collections/men-sneakers,https://www.superkicks.in/products/chuck-70-at-cx-high-black,data/superkicks/men-sneakers/photos/Converse/CHUCK 70 AT-CX HIGH 'BLACK',
Adidas Originals,BAD BUNNY CAMPUS 'SUPCOL/SUPCOL/CWHITE',"₹ 15,999.00",Adidas,Indonesia,adidas India Marketing Private Limited,0.95kg,Shoe,1 pair,Superkicks India Pvt. Ltd.,ID2529,"SIGNATURE SHOES SPARKED BY THE CREATIVE VISION OF BAD BUNNY. Contoured outsoles. Bold 3-Stripes. And casual style for days. These adidas Campus shoes uphold everything you love about the classic Campus design, but this time with the unmistakable look of a Bad Bunny collaboration. A smooth leather upper conforms to your foot, and a soft interior lining keeps every step comfortable.",men-sneakers,https://www.superkicks.in/collections/men-sneakers,https://www.superkicks.in/products/bad-bunny-campus-supcol-supcol-cwhite,data/superkicks/men-sneakers/photos/Adidas Originals/BAD BUNNY CAMPUS 'SUPCOL/SUPCOL/CWHITE',
Adidas Originals,RIVALRY LOW 'GREEN/WHITE',"₹ 8,999.00",Adidas,China,adidas India Marketing Private Limited,0.95kg,Shoe,1 pair,Superkicks India Pvt. Ltd.,IE7209,"SKATE-INSPIRED SHOES WITH COMFORTABLE DETAILS AND TIMELESS STYLE. It's not hard to see why the adidas Rivalry quickly became the shoes of choice for skaters everywhere. Now they've evolved to appeal to the masses — and they're perfect for everyday style. Somehow both chunky and sleek, the timeless silhouette is versatile enough to match up with anything. This release is made with a durable upper that's soft and comfortable. Lace up and you're ready for your next adventure. No skateboard required.",men-sneakers,https://www.superkicks.in/collections/men-sneakers,https://www.superkicks.in/products/rivalry-low-green-white,data/superkicks/men-sneakers/photos/Adidas Originals/RIVALRY LOW 'GREEN/WHITE',
Converse,CHUCK 70 PLUS HI 'BLACK/EGRET/BLACK',"₹ 6,999.00",Converse,Vietnam,CAMP INDIA PVT LTD,0.95kg,Shoe,1 pair,Superkicks India Pvt. Ltd.,A00916C,"The Converse Chuck 70 Plus Canvas is a convincing new edition of the Converse classic and features a futuristic, black and white design with iconic details, also in Women's with smaller sizes. Eye-catchers are the asymmetrical lines and the split rubber, which give the chuck an expressive look. The characteristic logo patch in the ankle area should not be missing. The OrthoLite® insole allows for an optimally cushioned and therefore very pleasant walking experience.  Textile upper Lacing system Textile lining Rubber outsole Ventilation holes Rubber toe cap Metal eyelets",men-sneakers,https://www.superkicks.in/collections/men-sneakers,https://www.superkicks.in/products/chuck-70-plus-hi-black-egret-black,data/superkicks/men-sneakers/photos/Converse/CHUCK 70 PLUS HI 'BLACK/EGRET/BLACK',
Adidas Originals,NMD_R1 'CORE BLACK/CARBON/GREY FIVE',"₹ 14,999.00",Adidas,Vietnam,adidas India Marketing Private Limited,0.95kg,Shoe,1 pair,Superkicks India Pvt. Ltd.,IG5535,"SLEEK TRAINERS MADE IN PART WITH RECYCLED MATERIALS. The adidas NMD_R1 shoes are made for trailblazers, city explorers and those who just want to stay comfortable. The iconic silhouette never fails to energise your style — and this version takes a fresh approach with lengthwise weldings and a double-layer mesh upper with a graphic print underneath. The responsive BOOST midsole will go as far as you will — so don't be timid. Made with a series of recycled materials, this upper features at least 50% recycled content. This product represents just one of our solutions to help end plastic waste.",men-sneakers,https://www.superkicks.in/collections/men-sneakers,https://www.superkicks.in/products/nmd_r1-core-black-carbon-grey-five,data/superkicks/men-sneakers/photos/Adidas Originals/NMD_R1 'CORE BLACK/CARBON/GREY FIVE',
Nike,AIR FORCE 1 '07 'LT IRON ORE/LT IRON ORE-LT OREWOOD BRN',"₹ 11,895.00",Nike,Vietnam,Nike India Private Ltd.,1.10 KG,Shoe,1 Pair,Superkicks India Pvt. Ltd.,FD3365-001,"Classic and comfortable, you'll want to wear these AF1s time after time. Smooth suede and a plush collar give these kicks a premium feel, while the gum sole adds a retro look. Of course, some things never change: Nike Air units still cushion your every step.timeFrom tough stitching to pristine materials to the cupsole design, these kicks deliver durable style that's smoother than backboard glass.Originally designed for performance hoops, Nike Air cushioning provides lasting comfort.Low-cut, padded collar looks sleek and feels great.Rubber outsole with hoops pivot circles adds durable traction and heritage style.More Details  Rope laces Foam midsole Perforation on toe",men-sneakers,https://www.superkicks.in/collections/men-sneakers,https://www.superkicks.in/products/air-force-1-07-lt-iron-ore-lt-iron-ore-lt-orewood-brn,data/superkicks/men-sneakers/photos/Nike/AIR FORCE 1 '07 'LT IRON ORE/LT IRON ORE-LT OREWOOD BRN',
Toms,WMN'S ORGANIC COTTON DARK NAVY CANVAS SLIP ONS 'NAVY',"₹ 3,999.00",TOMS Shoes,China,V Retail Pvt. Ltd.,0.95 KG,SHOE,1 Pair,Superkicks India Pvt. Ltd.,10017712,"Our day one women’s Alpargata slip-on is now designed using earth-conscious materials to lessen your impact on the planet and bring maximum comfort to your day-to-day shoe. Step into these espadrilles in navy recycled cotton canvas, and spark change with every stride.   Recycled Cotton upper, lining and sock-liner made with 50% recycled cotton which helps keep textile waste out of landfills and requires less water and energy than conventional cotton Durable, flexible outsole bound directly to the upper via Direct Injected TPR construction for a seamless fit Custom TOMS comfort insole with 50% Eco content (25% recycled PU foam, 15% recycled rubber, 10% bio oil), which means it has less of an impact on the environment Elastic gore for easy on and off Part of the earthwise™ collection, products designed with the planet in mind. We commit 1/3 of our profits to support people working to build equity at the grassroots level.",men-sneakers,https://www.superkicks.in/collections/men-sneakers,https://www.superkicks.in/products/wmns-organic-cotton-dark-navy-canvas-slip-ons-navy,data/superkicks/men-sneakers/photos/Toms/WMN'S ORGANIC COTTON DARK NAVY CANVAS SLIP ONS 'NAVY',
Nike,BLAZER LOW '77 VINTAGE 'BLACK/WHITE',"₹ 7,195.00",Nike India Pvt. Ltd.,Vietnam,Nike India Pvt. Ltd.,0.95 KG,SHOE,1 Pair,Superkicks India Pvt. Ltd.,DA6364-001,"Praised by the streets for its classic simplicity and comfort, the Nike Blazer Low '77 Vintage returns with its low-profile style and heritage b-ball looks.Featuring luscious suede details, a retro Swoosh design and a super-soft collar, it's the must-have wardrobe staple that will take you everywhere.",men-sneakers,https://www.superkicks.in/collections/men-sneakers,https://www.superkicks.in/products/blazer-low-77-vintage-1,data/superkicks/men-sneakers/photos/Nike/BLAZER LOW '77 VINTAGE 'BLACK/WHITE',
Toms,ALP FWD BLACK CASUAL 'BLACK',"₹ 6,999.00",TOMS Shoes,China,V Retail Pvt. Ltd.,0.95 KG,SHOE,1 Pair,Superkicks India Pvt. Ltd.,10020307,"Our most comfortable, versatile, easy-to-wear Alp yet. Redesigned with improved fit and proportions featuring a padded collar and rubber outsole. Wear an icon. Wear TOMS. WEAR GOOD.   Outsole height approximately 1,3 cm"". Removable OrthoLite® Eco LT Hybrid™ insoles made with 26% eco content (15% waste foam, 5% recycled content & 6% bio-oils). Updated Classic ALP upper with modified proportions. Elastic gore for easy fit. Vegan TENCEL™ Lyocell lining and sock liner, made with wood pulp from sustainably managed forests. Rubber cupsole. Now in a roomier D-width, meaning the mold is a size larger compared to our classic alp. TOMS is a proud member of the Fair Labor Association—working with suppliers that conduct their businesses ethically, engage with workers, ensure safe working conditions, and establish human rights compliance and social responsibility. When you buy TOMS, you help fund access to mental health resources for the millions of people who need them. Wear TOMS. WEAR GOOD.",men-sneakers,https://www.superkicks.in/collections/men-sneakers,https://www.superkicks.in/products/alp-fwd-black-casual-black,data/superkicks/men-sneakers/photos/Toms/ALP FWD BLACK CASUAL 'BLACK',
Nike,"SABRINA 1 ""SPARK"" EP 'OXYGEN PURPLE/BLACK-LEMON CHIFFON'","₹ 10,795.00",Nike,Vietnam,Nike India Pvt. Ltd.,0.95kg,Shoe,1 pair,Superkicks India Pvt. Ltd.,FQ3389-501,"Sabrina Ionescu's game is unique, hard to define and built with an undeniable craft. Her signature shoe helps you unlock your versatility with a snappy forefoot Zoom Air and cloud-like React foam to help keep you energized. We used insights from next-gen athletes around the world to bring grippy, best-in-class traction, reliable midfoot support and stability to the court—which every hooper needs. Built for crafty players like Sabrina but made for anyone who's ready to put in the work to take their game to the next level. With its extra-durable rubber outsole, this version gives you traction for outdoor courts.Behind the DesignSabrina can be the electrical charge needed to ignite a generation of current and future hoopers on the come up. This special look is infused with voltaic-like sparks of energy and electricity.Cut QuicklyAthletes around the world informed us on how to build the traction pattern on the outsole. The result? It helps you feel quick in and out of cuts. Feel the hardwood under your feet as you change direction on a dime.Stay FreshWe’ve paired a top-loaded forefoot Air Zoom unit with a full-length React foam core to deliver the ideal balance of stability, ground control and cushioning. The unstoppable combination meets at the intersection of speed and endurance, allowing you to play fast and dictate tempo without feeling depleted as the game rages on.Play with ConfidenceWe teamed the collar with a midfoot band system allows conformability and adjustability around the arch of your foot, all in the name of unlocking quick play and inspiring confidence on the court.Security Up TopThe collar offers optimal support with minimalism, giving you the support you need, without unnecessary ounces.Personal TouchWhenever Sabrina signs her autograph, she signs her name with a dot above her signature, true to her Romanian pronunciation. This detail, wrapped around her shoe, pays homage to the Ionescu family and the communities that helped push her to make playing pro ball possible.",men-sneakers,https://www.superkicks.in/collections/men-sneakers,https://www.superkicks.in/products/sabrina-lonescu-sabrina-1-spark-ep-oxygen-purple-black-lemon-chiffon,"data/superkicks/men-sneakers/photos/Nike/SABRINA 1 ""SPARK"" EP 'OXYGEN PURPLE/BLACK-LEMON CHIFFON'",
Converse,RUN STAR LEGACY CX FUTURE COMFORT 'BEIGE',"₹ 8,499.00",Converse,Vietnam,CAMP INDIA PVT LTD,0.95kg,Shoe,1 pair,Superkicks India Pvt. Ltd.,A00868C,"The latest iteration of the best-selling Run Star Hike, the Run Star Legacy CX mixes bold platform styling with premium comfort. A lightweight CX midsole and sockliner keep you light on your feet, while distorted Chuck Taylor design elements keep them guessing. A winged tongue and heel bumper allow for easy on and off, so nothing can slow you down.  High-top platforms with upper made from about 50% recycled cotton canvas A CX foam midsole and sockliner keep it lightweight and comfortable Distorted rubber pinstripe bumpers for style and easy-off functionality Exaggerated collar and canvas winged tongue for ease of entry Premium laces and a faux leather patch elevate the design",men-sneakers,https://www.superkicks.in/collections/men-sneakers,https://www.superkicks.in/products/wmns-run-star-legacy-cx-future-comfort-beige,data/superkicks/men-sneakers/photos/Converse/RUN STAR LEGACY CX FUTURE COMFORT 'BEIGE',
Converse,CHUCK 70 CRAFTED OLLIE PATCH 'VARSITY RED',"₹ 6,499.00",Converse,Vietnam,CAMP INDIA PVT LTD,0.95kg,Shoe,1 pair,Superkicks India Pvt. Ltd.,A04499C,Get your hands on the Chuck 70 Crafted Ollie Patch from the best sneaker stockists around the world.    Canvas upper is lightweight and durable The timeless silhouette you know and love High profile for classic coverage Medial eyelets enhance airflow Classic All Star ankle patch,men-sneakers,https://www.superkicks.in/collections/men-sneakers,https://www.superkicks.in/products/chuck-70-crafted-ollie-patch-varsity-red,data/superkicks/men-sneakers/photos/Converse/CHUCK 70 CRAFTED OLLIE PATCH 'VARSITY RED',
Converse,CHUCK TAYLOR ALL STAR 'BLUE/LIGHT BLUE',"₹ 3,999.00",Converse,Vietnam,CAMP INDIA PVT LTD,0.95kg,Shoe,1 pair,Superkicks India Pvt. Ltd.,A04545C,"Just in time for fall weather, your favorite Chucks get a fresh look for the season. Fall-ready canvas in trending colors help you add effortless style to your rotation. These easy-to-wear, expressive Chucks are yours to style however you want.  Low top with cotton canvas upper. OrthoLite cushioning for all-day comfort. Expressive, on-trend color palette. Classic white foxing tape midsole with black pinstripes. Iconic woven tongue label.",men-sneakers,https://www.superkicks.in/collections/men-sneakers,https://www.superkicks.in/products/chuck-taylor-all-star-blue-light-blue,data/superkicks/men-sneakers/photos/Converse/CHUCK TAYLOR ALL STAR 'BLUE/LIGHT BLUE',
Puma,PUMA x PERKS AND MINI SUEDE VTG 'FRESH PEAR',"₹ 8,999.00",Puma,Indonesia,Puma India Pvt. Ltd.,0.95kg,Shoe,1 Pairs,Superkicks India Pvt. Ltd.,39476801,Back to the PAMPUMA island: The joint collaboration with Perks and Mini brings you back to the creative BIOVERSE. The new designs are made of robust materials and have light graphics and elements inspired by football. Like this version of the our Suede VTG sneakers. The vintage silhouette dons its signature suede upper for a look you can lounge in while on the island.,men-sneakers,https://www.superkicks.in/collections/men-sneakers,https://www.superkicks.in/products/puma-x-perks-and-mini-suede-vtg-fresh-pear,data/superkicks/men-sneakers/photos/Puma/PUMA x PERKS AND MINI SUEDE VTG 'FRESH PEAR',
Nike,AIR MAX 1 'SAIL/DEEP ROYAL BLUE-LT OREWOOD BRN',"₹ 12,795.00",Nike India Pvt. Ltd.,China,Nike India Pvt. Ltd.,0.95 KG,SHOE,1 Pair,Superkicks India Pvt. Ltd.,FQ8048-133,"Aged neutrals and rich textures work together in updating a celebrated icon. Originally inspired by French architecture, the Air Max 1 is the first shoe in the family that revealed Nike Air to the world. With a fast-paced look, tried-and-true cushioning and wavy mudguard, it’s no wonder it reigns supreme since 1987.Mixed materials on the upper create a layered look.Plush and comfortable, Max Air cushioning has just the right amount of support.Waffle outsole with grooves provides traction that's flexible and durable.",men-sneakers,https://www.superkicks.in/collections/men-sneakers,https://www.superkicks.in/products/air-max-1-sail-deep-royal-blue-lt-orewood-brn,data/superkicks/men-sneakers/photos/Nike/AIR MAX 1 'SAIL/DEEP ROYAL BLUE-LT OREWOOD BRN',
Adidas Originals,RIVALRY 86 LOW 'OFF WHITE/CORE BLACK/WONDER BEIGE',"₹ 10,999.00",Adidas India Pvt. Ltd.,China,Adidas India Pvt. Ltd.,0.95 KG,Shoe,1 Pair,Superkicks India Pvt. Ltd.,IE7171,"SHOES THAT BRIDGE THE GAP BETWEEN SPORT AND STREET ATTITUDE. With roots in the 1980s basketball archives, adidas Rivalry shoes now have influence far beyond the hardwood. Adopted by skaters, punks and artists alike, they represent a certain nostalgia that also rocks attitude. Made with a leather and nubuck upper, this release has a low-profile and muted colours for a premium look. The rubber outsole provides traction and stability.",men-sneakers,https://www.superkicks.in/collections/men-sneakers,https://www.superkicks.in/products/rivalry-86-low-off-white-core-black-wonder-beige,data/superkicks/men-sneakers/photos/Adidas Originals/RIVALRY 86 LOW 'OFF WHITE/CORE BLACK/WONDER BEIGE',
Converse,RUN STAR LEGACY CX HI 'TAWNY OWL/NATURAL IVORY',"₹ 9,999.00",Converse,Vietnam,CAMP INDIA PVT LTD,0.95kg,Shoe,1 pair,Superkicks India Pvt. Ltd.,A07986C,"Created in 1917 as a non-skid basketball shoe, the All Star was originally promoted for its superior court performance by basketball mastermind Chuck Taylor. But over the decades, something incredible happened: The sneaker, with its timeless silhouette and unmistakable ankle patch, was organically adopted by rebels, artists, musicians, dreamers, thinkers and originals. A reimagination of the fan-favourite Run Star Hike, the Run Star Legacy CX mixes bold platform styling with premium comfort. A lightweight CX midsole and sockliner help keep you light on your feet, while hiker-inspired and distorted Chuck Taylor design elements keep them guessing. A winged tongue and heel bumper allow for easy on and off, so nothing can slow you down. Now with utility laces for an outdoor-ready edge.  High-top platform shoe with durable cotton canvas upper and jungle cloth tongue CX foam insole and sockliner keep it lightweight and comfortable Distorted rubber pinstripe bumpers for style and easy-off functionality Utility-inspired laces with lace lock for an outdoor-ready look Embroidered Chuck Taylor ankle patch Elevation Height: 49mm Chuck Taylor All Star Origins",men-sneakers,https://www.superkicks.in/collections/men-sneakers,https://www.superkicks.in/products/run-star-legacy-cx-hi-tawny-owl-natural-ivory,data/superkicks/men-sneakers/photos/Converse/RUN STAR LEGACY CX HI 'TAWNY OWL/NATURAL IVORY',
Converse,CHUCK TAYLOR ALL STAR 'CHARCOAL',"₹ 4,299.00",Converse,Vietnam,CAMP INDIA PVT LTD,0.95kg,Shoe,1 pair,Superkicks India Pvt. Ltd.,1J793C,"We could tell you that it's the OG basketball shoe, created over 100 years ago. Or that the design has largely stayed the same, because why mess with a good thing. Or how it became the unofficial sneaker of all your favorite artists and musicians, who each made it their own. Yeah, we could share a lot of stories, but the one that matters most isn't ours it's yours. It's how and where you take your Chucks. The legacy is long, but what comes next is up to you. We just make the shoe. You make the stories.  Canvas upper is lightweight and durable The timeless silhouette you know and love High profile for classic coverage Medial eyelets enhance airflow Classic All Star ankle patch",men-sneakers,https://www.superkicks.in/collections/men-sneakers,https://www.superkicks.in/products/chuck-taylor-all-star-charcoal,data/superkicks/men-sneakers/photos/Converse/CHUCK TAYLOR ALL STAR 'CHARCOAL',
Asics,NEEDLES X EX89 'WHITE/WHITE',"₹ 11,999.00","SHYANG YING CO.,LTD.",Vietnam,ASICS INDIA PVT. LTD,0.95 KG,SHOE,1 Pair,Superkicks India Pvt. Ltd.,1201A942.100,"ASICS has teamed up with fellow Japanese brand Needles to update the EX-89. Equipped with a full leather construction, this EX-89 features purple stitching throughout the upper. The heel counter features Needles' signature emblem alongside an embroidered ASICS logo, whilst the tongues are mismatched to feature each brand's logo on either side. - ASICS SportStyle EX-89 x Needles BLACK/BLACK - Leather upper - Contrast stitching - Co-branding on heels & tongues - Rubber outsole",men-sneakers,https://www.superkicks.in/collections/men-sneakers,https://www.superkicks.in/products/ex89-white-white,data/superkicks/men-sneakers/photos/Asics/NEEDLES X EX89 'WHITE/WHITE',
Reebok,CL NYLON 'HARGRN/FTWWHT/HARGRN',"₹ 5,999.00",Reebok,Vietnam,Reebok India Pvt. Ltd.,0.95 KG,Shoe,1 Pair,Superkicks India Pvt. Ltd.,IE4539,"Everyday shoes are basically your best friend: there for you through it all. This pair from is up for the task, whether your schedule looks busy or you're just hanging out. Lightweight, durable textile upper with leather overlays Eyelets with secure lace-up closure Cushioned footbed for added comfort Thick protective foxing around midsole Patterned synthetic outsole for better grip Reebok signature branding print",men-sneakers,https://www.superkicks.in/collections/men-sneakers,https://www.superkicks.in/products/cl-nylon-hargrn-ftwwht-hargrn,data/superkicks/men-sneakers/photos/Reebok/CL NYLON 'HARGRN/FTWWHT/HARGRN',
Nike,BLAZER LOW '77 VINTAGE 'WHITE/PINE GREEN-SAIL-BLACK',"₹ 7,195.00",Nike India Pvt. Ltd.,India,Nike India Pvt. Ltd.,0.95 KG,SHOE,1 Pair,Superkicks India Pvt. Ltd.,DA6364-115,"FROM B-BALL HISTORY TO FASHION STAPLE.Praised by the streets for its classic simplicity and comfort, the Nike Blazer Low '77 Vintage returns with its low-profile style and heritage b-ball looks. Featuring luscious suede details, a retro Swoosh design and a super-soft collar, it's the must-have wardrobe staple that will take you everywhere.Originally designed for performance hoops, the Nike Blazer Low offers durability and comfort that lasts. The nearly 1-to-1 remake features crisp leather on the upper with soft suede and synthetic details for added durability and throwback styling.The ultra-clean colors, simple lines and low-cut, padded collar creates a sleek look that feels great.The vulcanised construction fuses the outsole to midsole for a streamlined look that's durable and comfortable.The solid rubber outsole with herringbone pattern adds traction, durability and heritage styling.",men-sneakers,https://www.superkicks.in/collections/men-sneakers,https://www.superkicks.in/products/blazer-low-77-vintage-white-pine-green-sail-black,data/superkicks/men-sneakers/photos/Nike/BLAZER LOW '77 VINTAGE 'WHITE/PINE GREEN-SAIL-BLACK',
Asics,JAPAN S ST 'WHITE/MIDNIGHT',"₹ 6,999.00",ASICS INDIA PVT. LTD,Cambodia,ASICS INDIA PVT. LTD,0.95 KG,SHOE,1 Pair,Superkicks India Pvt. Ltd.,1203A289.107,"Basketball heritage meets elevated comfort on the JAPAN S™ ST sneaker. Based on one of our throwback offerings from 1981, this silhouette evolves an iconic design with amplified cushioning properties.  This shoe's upper features a layered leather construction and elevated accent details that help create unique color blocking combinations. The sole's platform tooling is updated with GEL™ technology underfoot. It's designed to help provide advanced underfoot comfort for today's modern lifestyle.",men-sneakers,https://www.superkicks.in/collections/men-sneakers,https://www.superkicks.in/products/japan-s-st-white-midnight,data/superkicks/men-sneakers/photos/Asics/JAPAN S ST 'WHITE/MIDNIGHT',
Converse,CHUCK 70 AT-CX MONO 'BLACK',"₹ 7,999.00",Converse,Vietnam,CAMP INDIA PVT LTD,0.95kg,Shoe,1 pair,Superkicks India Pvt. Ltd.,A04582C,"This fall, the Chuck 70 AT-CX keeps it simple in mono. The colors may be toned-down, but the adventurous style is as bold as ever. With CX comfort and a trek-ready build inspired by retro hiking styles, the Chuck 70 AT-CX was designed for the always wondering, always wandering creative explorer.  High-top boot with 12oz polyester canvas upper. CX sockliner with a lightweight CX midsole for all-day comfort. Hiking boot inspired TPU Bosey toe for durability. Diamond lugged outsole for traction on a variety of surfaces. Durable cotton laces.",men-sneakers,https://www.superkicks.in/collections/men-sneakers,https://www.superkicks.in/products/chuck-70-at-cx-mono-black,data/superkicks/men-sneakers/photos/Converse/CHUCK 70 AT-CX MONO 'BLACK',
